edge_id,source,target,relationship,source_field,target_field,cardinality
ExecutiveSnapshot_SalesKPI,ExecutiveSnapshot,SalesKPI,rolls_up,reporting_period,sales_month,one-to-many-summary
ExecutiveSnapshot_CampaignROI,ExecutiveSnapshot,CampaignROI,rolls_up,reporting_period,campaign_month,one-to-many-summary
ExecutiveSnapshot_ProductPerformance,ExecutiveSnapshot,ProductPerformance,summarizes,snapshot_date,product_id,one-to-many-summary
ExecutiveSnapshot_ChannelPerformance,ExecutiveSnapshot,ChannelPerformance,summarizes,reporting_period,sales_month,one-to-many-summary
ExecutiveSnapshot_RegionSegmentScorecard,ExecutiveSnapshot,RegionSegmentScorecard,summarizes,snapshot_date,"region,segment",one-to-many-summary
SalesKPI_ProductPerformance,SalesKPI,ProductPerformance,aligns_to_product,product_id,product_id,many-to-one-summary
SalesKPI_ChannelPerformance,SalesKPI,ChannelPerformance,aligns_to_channel,"sales_month,channel_id","sales_month,channel_id",many-to-one-summary
SalesKPI_RegionSegmentScorecard,SalesKPI,RegionSegmentScorecard,aligns_to_region_segment,"region,segment","region,segment",many-to-one-summary
CustomerValue_RegionSegmentScorecard,CustomerValue,RegionSegmentScorecard,rolls_up_to,"region,segment","region,segment",many-to-one-summary
