from_entity,relationship,to_entity,from_field,to_field,cardinality
ExecutiveSnapshot,rolls_up,SalesKPI,reporting_period,sales_month,one-to-many-summary
ExecutiveSnapshot,rolls_up,CampaignROI,reporting_period,campaign_month,one-to-many-summary
ExecutiveSnapshot,summarizes,ProductPerformance,snapshot_date,product_id,one-to-many-summary
ExecutiveSnapshot,summarizes,ChannelPerformance,reporting_period,sales_month,one-to-many-summary
ExecutiveSnapshot,summarizes,RegionSegmentScorecard,snapshot_date,"region,segment",one-to-many-summary
SalesKPI,aligns_to_product,ProductPerformance,product_id,product_id,many-to-one-summary
SalesKPI,aligns_to_channel,ChannelPerformance,"sales_month,channel_id","sales_month,channel_id",many-to-one-summary
SalesKPI,aligns_to_region_segment,RegionSegmentScorecard,"region,segment","region,segment",many-to-one-summary
CustomerValue,rolls_up_to,RegionSegmentScorecard,"region,segment","region,segment",many-to-one-summary
